GLN_GUNCEL;BARKOD_GUNCEL;ADET;MF
8680001457823;8699546650057;1;0
8680001295876;8699546650057;1;0
8680001285556;8699546650057;1;0
8680001530281;8699546650057;1;0
8680001247912;8699546650057;7;1
8680001295876;8699546650057;1;0
8680001170920;8699546650057;1;0
8680001238958;8699546650057;1;0
8680001263110;8699546650057;7;1
8680001672943;8699546650057;1;0
8680001290918;8699546650057;1;0
8680001412129;8699546650057;1;0
8680001238958;8699546650057;1;0
8680001283583;8699546650057;2;0
8680001288670;8699546650057;2;0
8680001274901;8699546650057;1;0
8680001285556;8699546650057;7;1
8680001381937;8699546650057;1;0
8680001285600;8699546650057;2;0
8680001676125;8699546650057;2;0
8680001629503;8699546650057;7;1
8680001252619;8699546650057;1;0
8680001533992;8699546650057;1;0
8680001217793;8699546650057;1;0
8680001160815;8699546650057;1;0
8680001286188;8699546650057;7;1
8680001294916;8699546650057;7;1
8680001286201;8699546650057;7;1
8680001653775;8699546650057;1;0
8680001515967;8699546650057;14;2
8680001289936;8699546650057;1;0
8680001685455;8699546650057;1;0
8680001687190;8699546650057;3;0
8680001295876;8699546650057;2;0
8680001223312;8699546650057;1;0
8680001214754;8699546650057;40;10
8680001442409;8699546650057;40;10
8680001227181;8699546650057;1;0
8680001488452;8699546650057;1;0
8680001250363;8699546650057;1;0
8680001690343;8699546650057;2;0
8680001544370;8699546650057;1;0
8680001381937;8699546650057;1;0
8680001481170;8699546650057;3;0
8680001696536;8699546650057;7;1
8680001553952;8699546650057;1;0
8680001618774;8699546650057;1;0
8680001238606;8699546650057;1;0
8680001238606;8699546650057;7;1
8680001295876;8699546650064;1;0
8680001274819;8699546650064;1;0
8680001295869;8699546650064;1;0
8680001288199;8699546650064;2;0
8680001285556;8699546650064;1;0
8680001221554;8699546650064;2;0
8680001180318;8699546650064;2;0
8680001238873;8699546650064;1;0
8680001597949;8699546650064;1;0
8680001477081;8699546650064;2;0
8680001238958;8699546650064;1;0
8680001283583;8699546650064;2;0
8680001274819;8699546650064;1;0
8680001459209;8699546650064;1;0
8680001274888;8699546650064;10;0
8680001274888;8699546650064;2;0
8680001274819;8699546650064;1;0
8680001285600;8699546650064;2;0
8680001431182;8699546650064;1;0
8680001214754;8699546650064;40;10
8680001676125;8699546650064;2;0
8680001369324;8699546650064;2;0
8680001515967;8699546650064;14;2
8680001412129;8699546650064;1;0
8680001666690;8699546650064;7;1
8680001597949;8699546650064;7;1
8680001296583;8699546650064;1;0
8680001679331;8699546650064;10;0
8680001160815;8699546650064;1;0
8680001625192;8699546650064;1;0
8680001296583;8699546650064;1;0
8680001213719;8699546650064;1;0
8680001296996;8699546650064;2;0
8680001289936;8699546650064;1;0
8680001687190;8699546650064;2;0
8680001381289;8699546650064;7;1
8680001233830;8699546650064;40;10
8680001428403;8699546650064;7;1
8680001288670;8699546650064;2;0
8680001261482;8699546650064;1;0
8680001180318;8699546650064;1;0
8680001222841;8699546650064;7;1
8680001505548;8699546650064;1;0
8680001598151;8699546650064;1;0
8680001481170;8699546650064;5;0
8680001151516;8699546650064;7;1
8680001291014;8699546650064;7;1
8680001285556;8699546540020;1;0
8680001506293;8699546540020;2;0
8680001442652;8699546540020;1;0
8680001622474;8699546540020;1;0
8680001294756;8699546540020;2;0
8680001694051;8699546540020;7;1
8680001286669;8699546540020;1;0
8680001285600;8699546540020;2;0
8680001290116;8699546540020;1;0
8680001515967;8699546540020;14;2
8680001288670;8699546540020;2;0
8680001465392;8699546540020;2;0
8680001547166;8699546540020;7;1
8680001178339;8699546540020;1;0
8680001625192;8699546540020;1;0
8680001184026;8699546540020;1;0
8680001548262;8699546540020;1;0
8680001465361;8699546578078;7;1
8680001346417;8699546578078;1;0
8680001215751;8699546578078;1;0
8680001285556;8699546578078;1;0
8680001544370;8699546578078;1;0
8680001231010;8699546578078;7;1
8680001285877;8699546578078;1;0
8680001286119;8699546578078;1;0
8680001187805;8699546578078;2;0
8680001426232;8699546578078;1;0
8680001459209;8699546578078;1;0
8680001285150;8699546578078;14;2
8680001459261;8699546578078;7;1
8680001212248;8699546578078;1;0
8680001238958;8699546578078;1;0
8680001274642;8699546578078;1;0
8680001599783;8699546578078;7;1
8680001290093;8699546578078;2;0
8680001517572;8699546578078;1;0
8680001660469;8699546578078;2;0
8680001212248;8699546578078;2;0
8680001286119;8699546578078;2;0
8680001553730;8699546578078;2;0
8680001623150;8699546578078;1;0
8680001459209;8699546578078;1;0
8680001292974;8699546578078;1;0
8680001517572;8699546578078;1;0
8680001285839;8699546578078;7;1
8680001285556;8699546578078;3;0
8680001209279;8699546578078;1;0
8680001201655;8699546578078;1;0
8680001284979;8699546578078;1;0
8680001205912;8699546578078;40;10
8680001676125;8699546578078;2;0
8680001214754;8699546578078;40;10
8680001527816;8699546578078;7;1
8680001282210;8699546578078;1;0
8680001359899;8699546578078;7;1
8680001515967;8699546578078;40;10
8680001222841;8699546578078;40;10
8680001375318;8699546578078;1;0
8680001250363;8699546578078;1;0
8680001165834;8699546578078;7;1
8680001218820;8699546578078;7;1
8680001202423;8699546578078;2;0
8680001218820;8699546578078;7;1
8680001439829;8699546578078;7;1
8680001287062;8699546578078;1;0
8680001238958;8699546578078;2;0
8680001381289;8699546578078;7;1
8680001594443;8699546578078;1;0
8680001197989;8699546578078;2;0
8680001573257;8699546578078;2;0
8680001431182;8699546578078;7;1
8680001477630;8699546578078;1;0
8680001693801;8699546578078;1;0
8680001547166;8699546578078;7;1
8680001412129;8699546578078;1;0
8680001246052;8699546578078;1;0
8680001217793;8699546578078;1;0
8680001251766;8699546578078;2;0
8680001292974;8699546578078;1;0
8680001462087;8699546578078;7;1
8680001295876;8699546578078;1;0
8680001288250;8699546578078;2;0
8680001187874;8699546578078;2;0
8680001289936;8699546578078;1;0
8680001213917;8699546578078;7;1
8680001295869;8699546578078;1;0
8680001558438;8699546578078;2;0
8680001496471;8699546578078;3;0
8680001285846;8699546578078;40;10
8680001233830;8699546578078;40;10
8680001216475;8699546578078;7;1
8680001291861;8699546578078;2;0
8680001187652;8699546578078;2;0
8680001601653;8699546578078;7;1
8680001665020;8699546578078;2;0
8680001421220;8699546578078;7;1
8680001288250;8699546578078;7;1
8680001223336;8699546578078;2;0
8680001286096;8699546578078;2;0
8680001238958;8699546578078;1;0
8680001293667;8699546578078;1;0
8680001250363;8699546578078;1;0
8680001217793;8699546578078;1;0
8680001175550;8699546578078;1;0
8680001620388;8699546578078;14;2
8680001565764;8699546578085;2;0
8680001601226;8699546578085;1;0
8680001151516;8699546578085;7;1
8680001205912;8699546578085;1;0
8680001285556;8699546578085;1;0
8680001223046;8699546578085;7;1
8680001541614;8699546578085;7;1
8680001666379;8699546578085;1;0
8680001212248;8699546578085;2;0
8680001505548;8699546578085;1;0
8680001542642;8699546578085;1;0
8680001213719;8699546578085;1;0
8680001421220;8699546578085;1;0
8680001274642;8699546578085;1;0
8680001599783;8699546578085;7;1
8680001290093;8699546578085;7;1
8680001274697;8699546578085;7;1
8680001296996;8699546578085;1;0
8680001295722;8699546578085;1;0
8680001261482;8699546578085;7;1
8680001223855;8699546578085;1;0
8680001623150;8699546578085;2;0
8680001249206;8699546578085;2;0
8680001227792;8699546578085;1;0
8680001477630;8699546578085;1;0
8680001223107;8699546578085;2;0
8680001230440;8699546578085;14;2
8680001214754;8699546578085;40;10
8680001672790;8699546578085;7;1
8680001676125;8699546578085;2;0
8680001597192;8699546578085;7;1
8680001599806;8699546578085;1;0
8680001523573;8699546578085;7;1
8680001628742;8699546578085;7;1
8680001381289;8699546578085;2;0
8680001666379;8699546578085;1;0
8680001553730;8699546578085;2;0
8680001294916;8699546578085;7;1
8680001289936;8699546578085;2;0
8680001222308;8699546578085;2;0
8680001594443;8699546578085;1;0
8680001527816;8699546578085;7;1
8680001120741;8699546578085;1;0
8680001285846;8699546578085;40;10
8680001544240;8699546578085;40;10
8680001381289;8699546578085;7;1
8680001233830;8699546578085;40;10
8680001213917;8699546578085;1;0
8680001359899;8699546578085;7;1
8680001644476;8699546578085;1;0
8680001223855;8699546578085;1;0
8680001286171;8699546578085;1;0
8680001666690;8699546578085;7;1
8680001568918;8699546578085;1;0
8680001598151;8699546578085;1;0
8680001412129;8699546578085;1;0
8680001285570;8699546578085;2;0
8680001401864;8699546578085;1;0
8680001293667;8699546578085;1;0
8680001565764;8699546578085;7;1
8680001622474;8699546578085;1;0
8680001291014;8699546578085;7;1
8680001515967;8699546578085;40;10
8680001209392;8699546578085;1;0
8680001401864;8699546578085;1;0
8680001620388;8699546578085;14;2
8680001696536;8699546578085;1;0
8680001457823;8699546578085;7;1
8680001523092;8699546578108;1;0
8680001638154;8699546578108;2;0
8680001214754;8699546578108;7;1
8680001214754;8699546578108;10;0
8680001547166;8699546578108;1;0
8680001454235;8699546578108;1;0
8680001632862;8699546578108;1;0
8680001423507;8699546578108;1;0
8680001294916;8699546578108;1;0
8680001187874;8699546578108;1;0
8680001291014;8699546578108;1;0
8680001632862;8699546578108;1;0
8680001286102;8699546578092;1;0
8680001214754;8699546578092;7;1
8680001286225;8699546578092;1;0
8680001204731;8699546578092;14;2
8680001547166;8699546578092;1;0
8680001286188;8699546578092;7;1
8680001381289;8699546578092;2;0
8680001243310;8699546578092;1;0
8680001291014;8699546578092;1;0
8680001190379;8699546370382;1;0
8680001548262;8699546370382;1;0
8680001378074;8699546370382;2;0
8680001420674;8699546370382;5;0
8680001236527;8699546370382;2;0
8680001465835;8699546370382;1;0
8680001540303;8699546370382;2;0
8680001213917;8699546370382;15;1
8680001169856;8699546370382;1;0
8680001661985;8699546370382;1;0
8680001498550;8699546370382;1;0
8680001498550;8699546370382;1;0
8680001169856;8699546370382;1;0
8680001205912;8699546370382;15;1
8680001258277;8699546370382;15;1
8680001225590;8699546370382;1;0
8680001423507;8699546370382;2;0
8680001166466;8699546370382;180;18
8680001693801;8699546370382;5;0
8680001459261;8699546370382;5;0
8680001425679;8699546370382;60;6
8680001222841;8699546370382;15;1
8680001690343;8699546370382;3;0
8680001378074;8699546370382;1;0
8680001666379;8699546370382;15;1
8680001292974;8699546370382;5;0
8680001597949;8699546370382;15;1
8680001431168;8699546370382;15;1
8680001291861;8699546370382;5;0
8680001533992;8699546370382;3;0
8680001204731;8699546370382;15;1
8680001238606;8699546370382;2;0
8680001175284;8699546370382;1;0
8680001175284;8699546370382;1;0
8680001226641;8699546370382;1;0
8680001569229;8699546370382;2;0
8680001238958;8699546370382;1;0
8680001295654;8699546370382;1;0
8680001282265;8699546370382;2;0
8680001162208;8699546370382;1;0
8680001431403;8699546370382;2;0
8680001417339;8699546370382;1;0
8680001638154;8699546370382;5;0
8680001475339;8699546370382;1;0
8680001285846;8699546370382;180;18
8680001285846;8699546370382;820;54
8680001421220;8699546370382;1;0
8680001257164;8699546370382;1;0
8680001169856;8699546370382;1;0
8680001274819;8699546370382;1;0
8680001223855;8699546370382;2;0
8680001169856;8699546370382;1;0
8680001225590;8699546370382;1;0
8680001431007;8699546370382;2;0
8680001286171;8699546370382;1;0
8680001442881;8699546370382;6;0
8680001601653;8699546370382;15;1
8680001689866;8699546370382;1;0
8680001565764;8699546370382;5;0
8680001221462;8699546370382;15;1
8680001233830;8699546370382;60;6
8680001286188;8699546370382;15;1
8680001296552;8699546370382;15;1
8680001274901;8699546370382;15;1
8680001659456;8699546370382;2;0
8680001619313;8699546370382;15;1
8680001526956;8699546370382;15;1
8680001275076;8699546370382;15;1
8680001236671;8699546370382;90;9
8680001208685;8699546370382;120;12
8680001274901;8699546370382;15;1
8680001285426;8699546370382;10;1
8680001252619;8699546370399;2;0
8680001282210;8699546370399;2;0
8680001199679;8699546370399;2;0
8680001251544;8699546370399;1;0
8680001175550;8699546370399;15;1
8680001378074;8699546370399;3;0
8680001523627;8699546370399;1;0
8680001223442;8699546370399;15;1
8680001275175;8699546370399;5;0
8680001284979;8699546370399;3;0
8680001252237;8699546370399;15;1
8680001236527;8699546370399;15;1
8680001599783;8699546370399;15;1
8680001431182;8699546370399;15;1
8680001431403;8699546370399;3;0
8680001269167;8699546370399;15;1
8680001500147;8699546370399;2;0
8680001186594;8699546370399;15;1
8680001222797;8699546370399;1;0
8680001205912;8699546370399;60;6
8680001214754;8699546370399;120;12
8680001423507;8699546370399;15;1
8680001465835;8699546370399;1;0
8680001238958;8699546370399;2;0
8680001278510;8699546370399;5;0
8680001459261;8699546370399;15;1
8680001501632;8699546370399;5;0
8680001693801;8699546370399;30;2
8680001547166;8699546370399;1;0
8680001630295;8699546370399;15;1
8680001249060;8699546370399;1;0
8680001221622;8699546370399;10;0
8680001199679;8699546370399;5;0
8680001286034;8699546370399;3;0
8680001617968;8699546370399;3;0
8680001625192;8699546370399;4;0
8680001431403;8699546370399;1;0
8680001570454;8699546370399;3;0
8680001252275;8699546370399;1;0
8680001666379;8699546370399;15;1
8680001223336;8699546370399;12;1
8680001166466;8699546370399;60;6
8680001410903;8699546370399;30;2
8680001204731;8699546370399;15;1
8680001421220;8699546370399;15;1
8680001618934;8699546370399;15;1
8680001221462;8699546370399;15;1
8680001166466;8699546370399;60;6
8680001597949;8699546370399;5;0
8680001547166;8699546370399;15;1
8680001431168;8699546370399;60;6
8680001208685;8699546370399;120;12
8680001285846;8699546370399;300;30
8680001233830;8699546370399;300;30
8680001236671;8699546370399;300;30
8680001672790;8699546370399;15;1
8680001286171;8699546370399;1;0
8680001482160;8699546370399;3;0
8680001182237;8699546370399;5;0
8680001522118;8699546370399;15;1
8680001171330;8699546370399;15;1
8680001230648;8699546370399;2;0
8680001569182;8699546370399;15;1
8680001238958;8699546370399;1;0
8680001689866;8699546370399;1;0
8680001505630;8699546370399;60;6
8680001374779;8699546370399;1;0
8680001548248;8699546370399;60;6
8680001659456;8699546370399;15;1
8680001185962;8699546370399;15;1
8680001619313;8699546370399;15;1
8680001252732;8699546370399;80;8
8680001275076;8699546370399;15;1
8680001565764;8699546370399;5;0
8680001601653;8699546370399;15;1
8680001520961;8699546370399;15;1
8680001524822;8699546370399;2;0
8680001523139;8699546370399;15;1
8680001282210;8699546370429;1;0
8680001523627;8699546370429;15;1
8680001523627;8699546370429;15;1
8680001693801;8699546370429;5;0
8680001285846;8699546370429;120;12
8680001275052;8699546370429;15;1
8680001666379;8699546370429;15;1
8680001222841;8699546370429;15;1
8680001475544;8699546370429;15;1
8680001597949;8699546370429;5;0
8680001208685;8699546370429;60;6
8680001233830;8699546370429;100;10
8680001441426;8699546370429;1;0
8680001238958;8699546370429;1;0
8680001689866;8699546370429;1;0
8680001679331;8699546370429;15;1
8680001601653;8699546370429;3;0
8680001427697;8699546370429;15;2
8680001275250;8699546370597;2;0
8680001679331;8699546370597;1;0
8680001197989;8699546370597;2;0
8680001293551;8699546370597;1;0
8680001404032;8699546370597;5;0
8680001178209;8699546370597;2;0
8680001165834;8699546370597;4;0
8680001256211;8699546370597;1;0
8680001485611;8699546370597;5;0
8680001497928;8699546370597;40;0
8680001286034;8699546370597;3;0
8680001547166;8699546370597;2;0
8680001670284;8699546370597;3;0
8680001212248;8699546370597;1;0
8680001601653;8699546370597;3;0
8680001212248;8699546370597;1;0
8680001295654;8699546370597;1;0
8680001237333;8699546370597;2;0
8680001475339;8699546370597;5;0
8680001213917;8699546370597;10;0
8680001226337;8699546370597;2;0
8680001256358;8699546370597;3;0
8680001625192;8699546370597;2;0
8680001601653;8699546370597;10;1
8680001525270;8699546370597;2;0
8680001213917;8699546370597;10;1
8680001529858;8699546358632;12;0
8680001274642;8699546358632;1;0
8680001231010;8699546358632;3;0
8680001197989;8699546358632;2;0
8680001221783;8699546358632;2;0
8680001236527;8699546358632;2;0
8680001529858;8699546358632;2;0
8680001556021;8699546358632;1;0
8680001234837;8699546358632;1;0
8680001171385;8699546358632;1;0
8680001238217;8699546358632;1;0
8680001227211;8699546358632;1;0
8680001275212;8699546358632;2;0
8680001251766;8699546358632;2;0
8680001424221;8699546358632;1;0
8680001205912;8699546358632;15;1
8680001197989;8699546358632;1;0
8680001523092;8699546358632;2;0
8680001475544;8699546358632;15;1
8680001693801;8699546358632;5;0
8680001227792;8699546358632;60;6
8680001505630;8699546358632;60;6
8680001222841;8699546358632;15;1
8680001425679;8699546358632;100;10
8680001569182;8699546358632;1;0
8680001282128;8699546358632;2;0
8680001215751;8699546358632;1;0
8680001214754;8699546358632;120;12
8680001166466;8699546358632;180;18
8680001285846;8699546358632;180;18
8680001410903;8699546358632;15;1
8680001421220;8699546358632;2;0
8680001257164;8699546358632;2;0
8680001221462;8699546358632;15;1
8680001604098;8699546358632;15;1
8680001166466;8699546358632;180;18
8680001274901;8699546358632;15;1
8680001569182;8699546358632;15;1
8680001547166;8699546358632;2;0
8680001431168;8699546358632;15;1
8680001661466;8699546358632;15;1
8680001208685;8699546358632;60;6
8680001442409;8699546358632;60;6
8680001285846;8699546358632;820;54
8680001233830;8699546358632;100;10
8680001210558;8699546358632;3;0
8680001623150;8699546358632;3;0
8680001441426;8699546358632;1;0
8680001263127;8699546358632;1;0
8680001256358;8699546358632;2;0
8680001220953;8699546358632;2;0
8680001217793;8699546358632;2;0
8680001659456;8699546358632;1;0
8680001185962;8699546358632;2;0
8680001620999;8699546358632;60;6
8680001604098;8699546358632;15;1
8680001359899;8699546358632;5;0
8680001476299;8699546358632;180;18
8680001540303;8699546358632;15;1
8680001275076;8699546358632;15;1
8680001565764;8699546358632;15;1
8680001621651;8699546358632;2;0
8680001523139;8699546358632;15;1
8680001231034;8699546358359;15;1
8680001258666;8699546358359;3;0
8680001492831;8699546358359;15;1
8680001666690;8699546358359;5;0
8680001234134;8699546358359;2;0
8680001633371;8699546358359;15;1
8680001256211;8699546358359;15;1
8680001231010;8699546358359;90;6
8680001263165;8699546358359;1;0
8680001676378;8699546358359;2;0
8680001570454;8699546358359;1;0
8680001263127;8699546358359;2;0
8680001209767;8699546358359;15;1
8680001210558;8699546358359;15;1
8680001431182;8699546358359;15;1
8680001213917;8699546358359;15;1
8680001638154;8699546358359;15;1
8680001185962;8699546358359;15;1
8680001222308;8699546358359;15;1
8680001653171;8699546358359;15;1
8680001230440;8699546358359;60;6
8680001205912;8699546358359;60;6
8680001696536;8699546358359;15;1
8680001214754;8699546358359;120;12
8680001537334;8699546358359;60;6
8680001281992;8699546358359;60;6
8680001523627;8699546358359;15;1
8680001238606;8699546358359;30;2
8680001214341;8699546358359;2;0
8680001283507;8699546358359;15;1
8680001169856;8699546358359;2;0
8680001369324;8699546358359;3;0
8680001369324;8699546358359;30;2
8680001475544;8699546358359;15;1
8680001293643;8699546358359;2;0
8680001258666;8699546358359;2;0
8680001533992;8699546358359;12;0
8680001286096;8699546358359;5;0
8680001636730;8699546358359;5;0
8680001227792;8699546358359;60;6
8680001630295;8699546358359;60;6
8680001661985;8699546358359;60;6
8680001218820;8699546358359;15;1
8680001216475;8699546358359;15;1
8680001666690;8699546358359;60;6
8680001170920;8699546358359;60;6
8680001693801;8699546358359;30;2
8680001208685;8699546358359;240;24
8680001425679;8699546358359;100;10
8680001258277;8699546358359;60;6
8680001286188;8699546358359;60;6
8680001420445;8699546358359;15;1
8680001275052;8699546358359;60;6
8680001666379;8699546358359;30;2
8680001492855;8699546358359;15;1
8680001166466;8699546358359;300;30
8680001166466;8699546358359;200;13
8680001166466;8699546358359;300;30
8680001166466;8699546358359;200;13
8680001282159;8699546358359;15;1
8680001222841;8699546358359;60;6
8680001223336;8699546358359;36;3
8680001639090;8699546358359;30;2
8680001410903;8699546358359;60;6
8680001204731;8699546358359;30;2
8680001471140;8699546358359;15;1
8680001618934;8699546358359;60;6
8680001221462;8699546358359;60;6
8680001604098;8699546358359;60;6
8680001222681;8699546358359;60;6
8680001274901;8699546358359;60;6
8680001569182;8699546358359;60;6
8680001247417;8699546358359;60;6
8680001547166;8699546358359;15;1
8680001431168;8699546358359;120;12
8680001661466;8699546358359;60;6
8680001458554;8699546358359;60;6
8680001442409;8699546358359;60;6
8680001285846;8699546358359;300;30
8680001285846;8699546358359;700;46
8680001381289;8699546358359;60;6
8680001236671;8699546358359;100;10
8680001233830;8699546358359;300;30
8680001256358;8699546358359;60;6
8680001477081;8699546358359;30;2
8680001404032;8699546358359;30;2
8680001230648;8699546358359;2;0
8680001520961;8699546358359;15;1
8680001171330;8699546358359;15;1
8680001295845;8699546358359;2;0
8680001238873;8699546358359;2;0
8680001282302;8699546358359;5;0
8680001169856;8699546358359;2;0
8680001296705;8699546358359;5;0
8680001282180;8699546358359;2;0
8680001226641;8699546358359;15;1
8680001458820;8699546358359;15;1
8680001238958;8699546358359;1;0
8680001505630;8699546358359;60;6
8680001290918;8699546358359;15;1
8680001412129;8699546358359;15;1
8680001359899;8699546358359;15;1
8680001263158;8699546358359;5;0
8680001295845;8699546358359;15;1
8680001618774;8699546358359;30;2
8680001565764;8699546358359;15;1
8680001291014;8699546358359;60;6
8680001431403;8699546358359;2;0
8680001431182;8699546358359;30;2
8680001604098;8699546358359;60;6
8680001659456;8699546358359;15;1
8680001185962;8699546358359;15;1
8680001601653;8699546358359;15;1
8680001217793;8699546358359;15;1
8680001275076;8699546358359;60;6
8680001619313;8699546358359;60;6
8680001209392;8699546358359;2;0
8680001282210;8699546358694;1;0
8680001274727;8699546358694;1;0
8680001690343;8699546358694;2;0
8680001527816;8699546358694;60;6
8680001281992;8699546358694;15;1
8680001285846;8699546358694;100;10
8680001666379;8699546358694;15;1
8680001475544;8699546358694;15;1
8680001208685;8699546358694;60;6
8680001233830;8699546358694;100;10
8680001404032;8699546358694;15;1
8680001282210;8699546358694;2;0
8680001562336;8699546358694;5;0
8680001601653;8699546358694;15;1
8680001214341;8699546358694;2;0
8680001626977;8699546358694;15;1
8680001238873;8699546340071;1;0
8680001359950;8699546340071;2;0
8680001679331;8699546340071;1;0
8680001258703;8699546340071;1;0
8680001686490;8699546340071;1;0
8680001214754;8699546340071;50;5
8680001166466;8699546340071;100;10
8680001359899;8699546340071;2;0
8680001550012;8699546340071;1;0
8680001505630;8699546340071;10;1
8680001222841;8699546340071;1;0
8680001216475;8699546340071;2;0
8680001236671;8699546340071;10;1
8680001465392;8699546340071;10;1
8680001458554;8699546340071;3;0
8680001261734;8699546340071;10;1
8680001547166;8699546340071;2;0
8680001670284;8699546340071;10;1
8680001648948;8699546340071;1;0
8680001632862;8699546340071;1;0
8680001503469;8699546340071;1;0
8680001294916;8699546340071;1;0
8680001569229;8699546340071;1;0
8680001425815;8699546340071;1;0
8680001601202;8699546340071;1;0
8680001285846;8699546340071;50;5
8680001208685;8699546340071;30;3
8680001381289;8699546340071;3;0
8680001636075;8699546340071;1;0
8680001229352;8699546340071;1;0
8680001404032;8699546340071;1;0
8680001404032;8699546340071;1;0
8680001659456;8699546340071;1;0
8680001565764;8699546340071;2;0
8680001604098;8699546340071;10;1
8680001569229;8699546340071;1;0
8680001619313;8699546340071;2;0
8680001632862;8699546340071;1;0
8680001285426;8699546340071;10;1
8680001201655;8699546358786;1;0
8680001258703;8699546358786;1;0
8680001222841;8699546358786;3;0
8680001633371;8699546358786;1;0
8680001686490;8699546358786;2;0
8680001569182;8699546358786;1;0
8680001171385;8699546358786;1;0
8680001214754;8699546358786;20;2
8680001475544;8699546358786;10;1
8680001359899;8699546358786;10;1
8680001550012;8699546358786;1;0
8680001222841;8699546358786;3;0
8680001686490;8699546358786;1;0
8680001236671;8699546358786;10;1
8680001282210;8699546358786;2;0
8680001597949;8699546358786;10;1
8680001458554;8699546358786;3;0
8680001533992;8699546358786;1;0
8680001246052;8699546358786;1;0
8680001670284;8699546358786;1;0
8680001547166;8699546358786;2;0
8680001294916;8699546358786;1;0
8680001185962;8699546358786;1;0
8680001286188;8699546358786;2;0
8680001296996;8699546358786;1;0
8680001639090;8699546358786;2;0
8680001285846;8699546358786;10;1
8680001174386;8699546358786;10;1
8680001166466;8699546358786;100;10
8680001221462;8699546358786;10;1
8680001604098;8699546358786;10;1
8680001661466;8699546358786;1;0
8680001381289;8699546358786;10;1
8680001166466;8699546358786;100;10
8680001522118;8699546358786;1;0
8680001540303;8699546358786;2;0
8680001661244;8699546358786;1;0
8680001281992;8699546358786;1;0
8680001565764;8699546358786;2;0
8680001659456;8699546358786;1;0
8680001604098;8699546358786;10;1
8680001619313;8699546358786;1;0
8680001540303;8699546358786;2;0
8680001235773;8699546358786;1;0
8680001601653;8699546358786;10;1
8680001601653;8699546358786;10;1
8680001281992;8699546485260;2;0
8680001232703;8699546485260;1;0
8680001444311;8699546485260;2;0
8680001286119;8699546485260;1;0
8680001292974;8699546485260;1;0
8680001595952;8699546485260;1;0
8680001595952;8699546485260;1;0
8680001475544;8699546485260;10;1
8680001693801;8699546485260;2;0
8680001214754;8699546485260;50;5
8680001515967;8699546485260;10;1
8680001597192;8699546485260;1;0
8680001236671;8699546485260;10;1
8680001666690;8699546485260;1;0
8680001488452;8699546485260;2;0
8680001204731;8699546485260;2;0
8680001547166;8699546485260;2;0
8680001648948;8699546485260;1;0
8680001636075;8699546485260;3;0
8680001286188;8699546485260;1;0
8680001604098;8699546485260;2;0
8680001428434;8699546485260;1;0
8680001694051;8699546485260;2;0
8680001285846;8699546485260;30;3
8680001166466;8699546485260;100;10
8680001597949;8699546485260;10;1
8680001661466;8699546485260;2;0
8680001296552;8699546485260;1;0
8680001166466;8699546485260;100;10
8680001397242;8699546485260;1;0
8680001237074;8699546485260;5;0
8680001453764;8699546485260;2;0
8680001453764;8699546485260;8;0
8680001359899;8699546485260;2;0
8680001420674;8699546485260;4;0
8680001429844;8699546485260;1;0
8680001659456;8699546485260;1;0
8680001604098;8699546485260;10;1
8680001619313;8699546485260;1;0
8680001215447;8699546485260;1;0
8680001256211;8699546358779;1;0
8680001381289;8699546358779;1;0
8680001214259;8699546358779;10;1
8680001569182;8699546358779;1;0
8680001359899;8699546358779;2;0
8680001425679;8699546358779;20;2
8680001236671;8699546358779;10;1
8680001597949;8699546358779;5;0
8680001670284;8699546358779;10;1
8680001648948;8699546358779;1;0
8680001497928;8699546358779;10;1
8680001185962;8699546358779;1;0
8680001286188;8699546358779;1;0
8680001294916;8699546358779;1;0
8680001604098;8699546358779;5;0
8680001235582;8699546358779;10;1
8680001256358;8699546358779;1;0
8680001221462;8699546358779;2;0
8680001285846;8699546358779;50;5
8680001208685;8699546358779;30;3
8680001381289;8699546358779;3;0
8680001166466;8699546358779;100;10
8680001282128;8699546358779;1;0
8680001522118;8699546358779;1;0
8680001466603;8699546358779;1;0
8680001571499;8699546358779;1;0
8680001539895;8699546358779;2;0
8680001540303;8699546358779;2;0
8680001286171;8699546358779;1;0
8680001425815;8699546358779;2;0
8680001288199;8699546358779;1;0
8680001565764;8699546358779;2;0
8680001604098;8699546358779;5;0
8680001619313;8699546358779;1;0
8680001696536;8699546358779;2;0
8680001540303;8699546358779;1;0
8680001685455;8699546485277;1;0
8680001173327;8699546485277;1;0
8680001444311;8699546485277;1;0
8680001291014;8699546485277;2;0
8680001292974;8699546485277;1;0
8680001283484;8699546485277;1;0
8680001425051;8699546485277;1;0
8680001296996;8699546485277;1;0
8680001693801;8699546485277;2;0
8680001515967;8699546485277;10;1
8680001222841;8699546485277;3;0
8680001666379;8699546485277;1;0
8680001236671;8699546485277;10;1
8680001410903;8699546485277;10;1
8680001282210;8699546485277;1;0
8680001666690;8699546485277;1;0
8680001458554;8699546485277;1;0
8680001204731;8699546485277;2;0
8680001291014;8699546485277;2;0
8680001547166;8699546485277;2;0
8680001648948;8699546485277;1;0
8680001488452;8699546485277;1;0
8680001604098;8699546485277;2;0
8680001597192;8699546485277;1;0
8680001231478;8699546485277;3;0
8680001278565;8699546485277;1;0
8680001295876;8699546485277;1;0
8680001281992;8699546485277;1;0
8680001214754;8699546485277;50;5
8680001285846;8699546485277;30;3
8680001166466;8699546485277;100;10
8680001597949;8699546485277;10;1
8680001661466;8699546485277;2;0
8680001296552;8699546485277;1;0
8680001166466;8699546485277;100;10
8680001284979;8699546485277;2;0
8680001515455;8699546485277;1;0
8680001451555;8699546485277;1;0
8680001359899;8699546485277;1;0
8680001659456;8699546485277;1;0
8680001565764;8699546485277;2;0
8680001451555;8699546485277;1;0
8680001420674;8699546485277;4;0
8680001620388;8699546485277;10;1
8680001604098;8699546485277;10;1
8680001619313;8699546485277;10;1
8680001215447;8699546485277;1;0
8680001285426;8699546485277;20;2
8680001261352;8699546485277;1;0
8680001227440;8699546485246;1;0
8680001444311;8699546485246;1;0
8680001628032;8699546485246;1;0
8680001242672;8699546485246;1;0
8680001283484;8699546485246;1;0
8680001292974;8699546485246;2;0
8680001619313;8699546485246;1;0
8680001166466;8699546485246;50;5
8680001693801;8699546485246;2;0
8680001214754;8699546485246;20;2
8680001515967;8699546485246;10;1
8680001505630;8699546485246;10;1
8680001236671;8699546485246;10;1
8680001666690;8699546485246;1;0
8680001492855;8699546485246;3;0
8680001598342;8699546485246;1;0
8680001597949;8699546485246;5;0
8680001204731;8699546485246;1;0
8680001547166;8699546485246;2;0
8680001285051;8699546485246;1;0
8680001633371;8699546485246;1;0
8680001648948;8699546485246;1;0
8680001295937;8699546485246;1;0
8680001636075;8699546485246;3;0
8680001286188;8699546485246;1;0
8680001425815;8699546485246;2;0
8680001633371;8699546485246;1;0
8680001237074;8699546485246;10;1
8680001237074;8699546485246;2;0
8680001397242;8699546485246;1;0
8680001168392;8699546485246;1;0
8680001205912;8699546485246;2;0
8680001285846;8699546485246;10;1
8680001208685;8699546485246;30;3
8680001633371;8699546485246;1;0
8680001285280;8699546485246;1;0
8680001466603;8699546485246;1;0
8680001359899;8699546485246;2;0
8680001453764;8699546485246;8;0
8680001565764;8699546485246;3;0
8680001296996;8699546485246;1;0
8680001288212;8699546485246;1;0
8680001604098;8699546485246;10;1
8680001659456;8699546485246;1;0
8680001619313;8699546485246;1;0
8680001235773;8699546485246;2;0
8680001628032;8699546485246;1;0
8680001428403;8699546485253;3;0
8680001444311;8699546485253;1;0
8680001292974;8699546485253;2;0
8680001431625;8699546485253;10;1
8680001221554;8699546485253;1;0
8680001274819;8699546485253;1;0
8680001202423;8699546485253;1;0
8680001166466;8699546485253;50;5
8680001693801;8699546485253;1;0
8680001227792;8699546485253;10;1
8680001221554;8699546485253;1;0
8680001515967;8699546485253;10;1
8680001214754;8699546485253;20;2
8680001236671;8699546485253;10;1
8680001666690;8699546485253;1;0
8680001458554;8699546485253;10;1
8680001597949;8699546485253;5;0
8680001204731;8699546485253;1;0
8680001547166;8699546485253;2;0
8680001648948;8699546485253;1;0
8680001636075;8699546485253;3;0
8680001294916;8699546485253;2;0
8680001471980;8699546485253;2;0
8680001425815;8699546485253;1;0
8680001397242;8699546485253;1;0
8680001285846;8699546485253;10;1
8680001198115;8699546485253;3;0
8680001554416;8699546485253;2;0
8680001285280;8699546485253;1;0
8680001659456;8699546485253;1;0
8680001208685;8699546485253;30;3
8680001604098;8699546485253;10;1
8680001619313;8699546485253;2;0
8680001235773;8699546485253;4;0
8680001696536;8699546485253;2;0
8680001285426;8699546485253;20;2
8680001424221;8699546358830;2;0
8680001633371;8699546358830;1;0
8680001293759;8699546358830;1;0
8680001214754;8699546358830;30;3
8680001693801;8699546358830;10;1
8680001236671;8699546358830;10;1
8680001686490;8699546358830;1;0
8680001686582;8699546358830;1;0
8680001597949;8699546358830;5;0
8680001458554;8699546358830;1;0
8680001670284;8699546358830;10;1
8680001648948;8699546358830;1;0
8680001185962;8699546358830;1;0
8680001295654;8699546358830;1;0
8680001274819;8699546358830;1;0
8680001285846;8699546358830;10;1
8680001166466;8699546358830;100;10
8680001166466;8699546358830;100;10
8680001375202;8699546358830;1;0
8680001540303;8699546358830;2;0
8680001659456;8699546358830;1;0
8680001604098;8699546358830;10;1
8680001619313;8699546358830;1;0
8680001540303;8699546358830;1;0
8680001383764;8699546350209;2;0
8680001524822;8699546350209;1;0
8680001212248;8699546350209;2;0
8680001288489;8699546350209;3;0
8680001237333;8699546350209;1;0
8680001263127;8699546350209;1;0
8680001247189;8699546350209;1;0
8680001282210;8699546350209;1;0
8680001202423;8699546350209;1;0
8680001295685;8699546350209;1;0
8680001223305;8699546350209;1;0
8680001425815;8699546350209;1;0
8680001221622;8699546350209;2;0
8680001303762;8699546350209;1;0
8680001175178;8699546350209;4;0
8680001570454;8699546350209;1;0
8680001685455;8699546350209;1;0
8680001282166;8699546350209;1;0
8680001672943;8699546350209;1;0
8680001290185;8699546350209;2;0
8680001688388;8699546350209;4;0
8680001213917;8699546350209;2;0
8680001285556;8699546350209;1;0
8680001294756;8699546350209;1;0
8680001421220;8699546350209;1;0
8680001401864;8699546350209;1;0
8680001256211;8699546350209;3;0
8680001214754;8699546350209;120;16
8680001214754;8699546350209;330;33
8680001227792;8699546350209;15;2
8680001230440;8699546350209;15;2
8680001569229;8699546350209;2;0
8680001289936;8699546350209;10;1
8680001393855;8699546350209;10;1
8680001527816;8699546350209;15;2
8680001281992;8699546350209;30;2
8680001281992;8699546350209;30;2
8680001292974;8699546350209;10;1
8680001205912;8699546350209;15;2
8680001693801;8699546350209;10;1
8680001285846;8699546350209;30;4
8680001174386;8699546350209;15;2
8680001425679;8699546350209;15;2
8680001526956;8699546350209;15;2
8680001492855;8699546350209;10;1
8680001459261;8699546350209;15;2
8680001222841;8699546350209;10;1
8680001222841;8699546350209;15;2
8680001223336;8699546350209;2;0
8680001639090;8699546350209;10;1
8680001410903;8699546350209;15;2
8680001204731;8699546350209;10;1
8680001618934;8699546350209;15;2
8680001475544;8699546350209;10;1
8680001537334;8699546350209;15;2
8680001604098;8699546350209;15;2
8680001222681;8699546350209;15;2
8680001274901;8699546350209;15;2
8680001661466;8699546350209;15;2
8680001208685;8699546350209;30;4
8680001381289;8699546350209;15;2
8680001236671;8699546350209;120;16
8680001233830;8699546350209;120;16
8680001477081;8699546350209;10;1
8680001229147;8699546350209;2;0
8680001383764;8699546350209;3;0
8680001686582;8699546350209;3;0
8680001622719;8699546350209;2;0
8680001431625;8699546350209;10;1
8680001223688;8699546350209;3;0
8680001275250;8699546350209;2;0
8680001242474;8699546350209;2;0
8680001238873;8699546350209;1;0
8680001210558;8699546350209;3;0
8680001223336;8699546350209;5;0
8680001636730;8699546350209;1;0
8680001252398;8699546350209;3;0
8680001250363;8699546350209;10;1
8680001282128;8699546350209;2;0
8680001570454;8699546350209;1;0
8680001454235;8699546350209;2;0
8680001468935;8699546350209;2;0
8680001282166;8699546350209;2;0
8680001603732;8699546350209;1;0
8680001290093;8699546350209;1;0
8680001556021;8699546350209;10;1
8680001251544;8699546350209;1;0
8680001571499;8699546350209;10;1
8680001404032;8699546350209;20;2
8680001467822;8699546350209;1;0
8680001222308;8699546350209;1;0
8680001212248;8699546350209;3;0
8680001685455;8699546350209;1;0
8680001120741;8699546350209;1;0
8680001445899;8699546350209;2;0
8680001685455;8699546350209;1;0
8680001549849;8699546350209;2;0
8680001209446;8699546350209;2;0
8680001294756;8699546350209;2;0
8680001258666;8699546350209;1;0
8680001288250;8699546350209;10;1
8680001505630;8699546350209;30;4
8680001512379;8699546350209;10;1
8680001620999;8699546350209;15;2
8680001258666;8699546350209;2;0
8680001524822;8699546350209;2;0
8680001215379;8699546350209;10;1
8680001151516;8699546350209;10;1
8680001221639;8699546350209;3;0
8680001498550;8699546350209;15;2
8680001257812;8699546350209;2;0
8680001548248;8699546350209;15;2
8680001604098;8699546350209;15;1
8680001619313;8699546350209;15;2
8680001601653;8699546350209;15;2
8680001252732;8699546350209;15;2
8680001569229;8699546350209;2;0
8680001275076;8699546350209;15;2
8680001235773;8699546350209;15;2
8680001237074;8699546350209;5;0
8680001224401;8699546350209;10;1
8680001457823;8699546350209;10;1
8680001274901;8699546350209;15;2
8680001477081;8699546350209;10;1
8680001523139;8699546350209;10;1
8680001285426;8699546350209;20;2
8680001261352;8699546350209;10;1
8680001523894;8699546350209;1;0
8680001209392;8699546350209;1;0
8680001291014;8699546610044;2;0
8680001672943;8699546610044;5;1
8680001286102;8699546610044;2;0
8680001412129;8699546610044;1;0
8680001529858;8699546610044;1;0
8680001566815;8699546610044;3;0
8680001261734;8699546610044;5;1
8680001480692;8699546610044;1;0
8680001236527;8699546610044;1;0
8680001282135;8699546610044;1;0
8680001247929;8699546610044;2;0
8680001285563;8699546610044;1;0
8680001212248;8699546610044;1;0
8680001233199;8699546610044;5;1
8680001217212;8699546610044;5;1
8680001120987;8699546610044;5;1
8680001622719;8699546610044;2;0
8680001471140;8699546610044;1;0
8680001295548;8699546610044;1;0
8680001247912;8699546610044;10;2
8680001282210;8699546610044;1;0
8680001283484;8699546610044;1;0
8680001174744;8699546610044;5;1
8680001222933;8699546610044;10;2
8680001180318;8699546610044;1;0
8680001221554;8699546610044;1;0
8680001359899;8699546610044;1;0
8680001257812;8699546610044;1;0
8680001420674;8699546610044;1;0
8680001237333;8699546610044;2;0
8680001223855;8699546610044;5;1
8680001469123;8699546610044;5;1
8680001423507;8699546610044;100;30
8680001468935;8699546610044;1;0
8680001289936;8699546610044;1;0
8680001285426;8699546610044;10;3
8680001383757;8699546610044;5;1
8680001288199;8699546610044;20;6
8680001359950;8699546610044;3;0
8680001393855;8699546610044;5;1
8680001252398;8699546610044;1;0
8680001214051;8699546610044;5;1
8680001230440;8699546610044;5;1
8680001222933;8699546610044;30;9
8680001215751;8699546610044;1;0
8680001289523;8699546610044;5;1
8680001223336;8699546610044;10;3
8680001288212;8699546610044;30;9
8680001626977;8699546610044;10;2
8680001288670;8699546610044;2;0
8680001274727;8699546610044;5;1
8680001383849;8699546610044;1;0
8680001503469;8699546610044;1;0
8680001679744;8699546610044;1;0
8680001696536;8699546610044;5;1
8680001296705;8699546610044;2;0
8680001234516;8699546610044;10;3
8680001221783;8699546610044;1;0
8680001205912;8699546610044;1;0
8680001427697;8699546610044;1;0
8680001488643;8699546610044;10;3
8680001223312;8699546610044;5;1
8680001601226;8699546610044;1;0
8680001238873;8699546610044;1;0
8680001288489;8699546610044;5;1
8680001549849;8699546610044;1;0
8680001644476;8699546610044;1;0
8680001170920;8699546610044;5;1
8680001620388;8699546610044;2;0
8680001282814;8699546610044;3;0
8680001252398;8699546610044;2;0
8680001213719;8699546610044;1;0
8680001238873;8699546610044;1;0
8680001465835;8699546610044;1;0
8680001524822;8699546610044;1;0
8680001287062;8699546610044;2;0
8680001693801;8699546610037;2;0
8680001250554;8699546610037;5;0
8680001680412;8699546610037;2;0
8680001297030;8699546610037;1;0
8680001488643;8699546610037;5;0
8680001626977;8699546610037;2;0
8680001281992;8699546610037;1;0
8680001234134;8699546610037;1;0
8680001295876;8699546610037;1;0
8680001488452;8699546370580;5;0
8680001223688;8699546370580;15;1
8680001285839;8699546370580;5;0
8680001492831;8699546370580;15;1
8680001383856;8699546370580;3;0
8680001666690;8699546370580;5;0
8680001215379;8699546370580;2;0
8680001295845;8699546370580;1;0
8680001633371;8699546370580;30;2
8680001274642;8699546370580;15;1
8680001256211;8699546370580;15;1
8680001464852;8699546370580;2;0
8680001175550;8699546370580;15;1
8680001464852;8699546370580;2;0
8680001420445;8699546370580;15;1
8680001274727;8699546370580;15;1
8680001415281;8699546370580;1;0
8680001252237;8699546370580;6;0
8680001599783;8699546370580;15;1
8680001523092;8699546370580;15;1
8680001209767;8699546370580;15;1
8680001209446;8699546370580;3;0
8680001213887;8699546370580;3;0
8680001250363;8699546370580;1;0
8680001599813;8699546370580;1;0
8680001161935;8699546370580;3;0
8680001229260;8699546370580;5;0
8680001636730;8699546370580;15;1
8680001477630;8699546370580;15;1
8680001290192;8699546370580;15;1
8680001431182;8699546370580;15;1
8680001209064;8699546370580;1;0
8680001503964;8699546370580;15;1
8680001295937;8699546370580;2;0
8680001223572;8699546370580;3;0
8680001175178;8699546370580;15;1
8680001424221;8699546370580;5;0
8680001222308;8699546370580;15;1
8680001295661;8699546370580;5;0
8680001629503;8699546370580;30;2
8680001653171;8699546370580;15;1
8680001205912;8699546370580;60;6
8680001230440;8699546370580;60;6
8680001222797;8699546370580;1;0
8680001214754;8699546370580;120;12
8680001537334;8699546370580;60;6
8680001223312;8699546370580;15;1
8680001597192;8699546370580;2;0
8680001283507;8699546370580;15;1
8680001466986;8699546370580;15;1
8680001169856;8699546370580;2;0
8680001166466;8699546370580;60;6
8680001295937;8699546370580;1;0
8680001369324;8699546370580;30;2
8680001693801;8699546370580;30;2
8680001512331;8699546370580;5;0
8680001420445;8699546370580;15;1
8680001187874;8699546370580;2;0
8680001285051;8699546370580;3;0
8680001295654;8699546370580;4;0
8680001274741;8699546370580;1;0
8680001570454;8699546370580;2;0
8680001533992;8699546370580;9;0
8680001238606;8699546370580;2;0
8680001238606;8699546370580;1;0
8680001428434;8699546370580;3;0
8680001523917;8699546370580;1;0
8680001295845;8699546370580;1;0
8680001690343;8699546370580;1;0
8680001630295;8699546370580;60;6
8680001218820;8699546370580;30;2
8680001292974;8699546370580;60;6
8680001550012;8699546370580;60;6
8680001216475;8699546370580;15;1
8680001170920;8699546370580;15;1
8680001425679;8699546370580;100;10
8680001258277;8699546370580;60;6
8680001286188;8699546370580;60;6
8680001526956;8699546370580;60;6
8680001666379;8699546370580;30;2
8680001459261;8699546370580;60;6
8680001282159;8699546370580;15;1
8680001359899;8699546370580;60;6
8680001222841;8699546370580;60;6
8680001222841;8699546370580;60;6
8680001223336;8699546370580;36;3
8680001639090;8699546370580;30;2
8680001410903;8699546370580;60;6
8680001204731;8699546370580;15;1
8680001421220;8699546370580;15;1
8680001257164;8699546370580;15;1
8680001471140;8699546370580;15;1
8680001618934;8699546370580;60;6
8680001221462;8699546370580;15;1
8680001475544;8699546370580;15;1
8680001604098;8699546370580;60;6
8680001222681;8699546370580;60;6
8680001597949;8699546370580;80;8
8680001515967;8699546370580;60;6
8680001569182;8699546370580;60;6
8680001601653;8699546370580;60;6
8680001516988;8699546370580;15;1
8680001247417;8699546370580;60;6
8680001547166;8699546370580;60;6
8680001431168;8699546370580;60;6
8680001296583;8699546370580;15;1
8680001661466;8699546370580;60;6
8680001458554;8699546370580;60;6
8680001208685;8699546370580;60;6
8680001632862;8699546370580;15;1
8680001442409;8699546370580;60;6
8680001285846;8699546370580;300;30
8680001285846;8699546370580;700;46
8680001381289;8699546370580;60;6
8680001236671;8699546370580;100;10
8680001233830;8699546370580;300;30
8680001213917;8699546370580;2;0
8680001477081;8699546370580;30;2
8680001404032;8699546370580;30;2
8680001520961;8699546370580;2;0
8680001569229;8699546370580;30;2
8680001258666;8699546370580;5;0
8680001288250;8699546370580;15;1
8680001209064;8699546370580;1;0
8680001505630;8699546370580;120;20
8680001620388;8699546370580;15;1
8680001548248;8699546370580;60;6
8680001235773;8699546370580;60;6
8680001217793;8699546370580;15;1
8680001659456;8699546370580;15;1
8680001185962;8699546370580;5;0
8680001604098;8699546370580;60;6
8680001619313;8699546370580;60;6
8680001252732;8699546370580;80;8
8680001569229;8699546370580;30;2
8680001601653;8699546370580;60;6
8680001275076;8699546370580;15;1
8680001565764;8699546370580;15;1
8680001601653;8699546370580;15;1
8680001667598;8699546370580;15;1
8680001296552;8699546370580;15;1
8680001286119;8699546370580;2;0
8680001263158;8699546370580;3;0
8680001632862;8699546370580;15;1
8680001285426;8699546370580;30;2
8680001477081;8699546370580;30;2
8680001288199;8699546370580;120;12
8680001523139;8699546370580;60;6
8680001404032;8699546370580;30;2
8680001261352;8699546370580;60;6
8680001282128;8699546370412;3;0
8680001488452;8699546370412;2;0
8680001427697;8699546370412;10;0
8680001285839;8699546370412;15;1
8680001162208;8699546370412;1;0
8680001256211;8699546370412;5;0
8680001603282;8699546370412;5;0
8680001464852;8699546370412;1;0
8680001599813;8699546370412;1;0
8680001288199;8699546370412;3;0
8680001211166;8699546370412;1;0
8680001295937;8699546370412;1;0
8680001261482;8699546370412;3;0
8680001295937;8699546370412;2;0
8680001222308;8699546370412;3;0
8680001205912;8699546370412;15;1
8680001523092;8699546370412;2;0
8680001285600;8699546370412;15;1
8680001295937;8699546370412;1;0
8680001222797;8699546370412;1;0
8680001290864;8699546370412;3;0
8680001215379;8699546370412;2;0
8680001214754;8699546370412;120;12
8680001630295;8699546370412;30;2
8680001213917;8699546370412;15;1
8680001393855;8699546370412;120;12
8680001527816;8699546370412;60;6
8680001281992;8699546370412;60;6
8680001281992;8699546370412;60;6
8680001523627;8699546370412;60;6
8680001523627;8699546370412;60;6
8680001693801;8699546370412;15;1
8680001285846;8699546370412;120;12
8680001425679;8699546370412;100;10
8680001258277;8699546370412;30;2
8680001286188;8699546370412;15;1
8680001166466;8699546370412;500;50
8680001166466;8699546370412;500;50
8680001282159;8699546370412;15;1
8680001359899;8699546370412;15;1
8680001639090;8699546370412;15;1
8680001221462;8699546370412;15;1
8680001475544;8699546370412;15;1
8680001597949;8699546370412;30;2
8680001515967;8699546370412;60;6
8680001569182;8699546370412;60;6
8680001516988;8699546370412;15;1
8680001296583;8699546370412;30;2
8680001661466;8699546370412;15;1
8680001208685;8699546370412;60;6
8680001632862;8699546370412;1;0
8680001442409;8699546370412;60;6
8680001381289;8699546370412;30;2
8680001233830;8699546370412;100;10
8680001247189;8699546370412;2;0
8680001282210;8699546370412;2;0
8680001404032;8699546370412;15;1
8680001689866;8699546370412;3;0
8680001623150;8699546370412;15;1
8680001209392;8699546370412;2;0
8680001296552;8699546370412;15;1
8680001512379;8699546370412;1;0
8680001523627;8699546370412;3;0
8680001659456;8699546370412;3;0
8680001604098;8699546370412;60;6
8680001213917;8699546370412;15;1
8680001565764;8699546370412;15;1
8680001601653;8699546370412;15;1
8680001632862;8699546370412;1;0
8680001225989;8699546370412;15;1
8680001404032;8699546370412;15;1
8680001291014;8699546358823;1;0
8680001252398;8699546358823;1;0
8680001383764;8699546358823;2;0
8680001424894;8699546358823;1;0
8680001693801;8699546358823;2;0
8680001236671;8699546358823;30;3
8680001666690;8699546358823;1;0
8680001597949;8699546358823;10;1
8680001648948;8699546358823;1;0
8680001515325;8699546358823;1;0
8680001604098;8699546358823;10;1
8680001661466;8699546358823;2;0
8680001598342;8699546358823;1;0
8680001481170;8699546358823;1;0
8680001481170;8699546358823;1;0
8680001285846;8699546358823;10;1
8680001635511;8699546358823;2;0
8680001166466;8699546358823;50;5
8680001274901;8699546358823;10;1
8680001274901;8699546358823;10;1
8680001515967;8699546358823;10;1
8680001233830;8699546358823;20;2
8680001166466;8699546358823;50;5
8680001540303;8699546358823;1;0
8680001659456;8699546358823;2;0
8680001604098;8699546358823;10;1
8680001565764;8699546358823;10;1
8680001601653;8699546358823;10;1
8680001601653;8699546358823;10;1
8680001274901;8699546358823;10;1
8680001252398;8699546358700;1;0
8680001282258;8699546358700;3;0
8680001215447;8699546358700;1;0
8680001294435;8699546358700;1;0
8680001466603;8699546358700;1;0
8680001261284;8699546358700;1;0
8680001527816;8699546358700;10;1
8680001359899;8699546358700;2;0
8680001693801;8699546358700;2;0
8680001425679;8699546358700;6;1
8680001229093;8699546358700;1;0
8680001227792;8699546358700;3;0
8680001666690;8699546358700;1;0
8680001488452;8699546358700;1;0
8680001594443;8699546358700;1;0
8680001497928;8699546358700;1;0
8680001182824;8699546358700;2;0
8680001288670;8699546358700;2;0
8680001238958;8699546358700;1;0
8680001214754;8699546358700;50;5
8680001661466;8699546358700;2;0
8680001393855;8699546358700;10;1
8680001285846;8699546358700;10;1
8680001174386;8699546358700;10;1
8680001666379;8699546358700;10;1
8680001635511;8699546358700;2;0
8680001166466;8699546358700;100;10
8680001604098;8699546358700;10;1
8680001597949;8699546358700;10;1
8680001547166;8699546358700;10;1
8680001208685;8699546358700;20;2
8680001381289;8699546358700;10;1
8680001236671;8699546358700;100;10
8680001233830;8699546358700;20;2
8680001166466;8699546358700;100;10
8680001213917;8699546358700;2;0
8680001238958;8699546358700;1;0
8680001604098;8699546358700;10;1
8680001565764;8699546358700;2;0
8680001429844;8699546358700;1;0
8680001224401;8699546358700;1;0
8680001215447;8699546358700;1;0
8680001258703;8699546350223;45;6
8680001227792;8699546350223;15;2
8680001526956;8699546350223;15;2
8680001223688;8699546350223;2;0
8680001285976;8699546350223;1;0
8680001252671;8699546350223;1;0
8680001427697;8699546350223;10;1
8680001214754;8699546350223;60;8
8680001178209;8699546350223;3;0
8680001293643;8699546350223;3;0
8680001420445;8699546350223;2;0
8680001160815;8699546350223;10;1
8680001630295;8699546350223;30;4
8680001457823;8699546350223;5;0
8680001661985;8699546350223;15;2
8680001292974;8699546350223;10;1
8680001205912;8699546350223;45;6
8680001497119;8699546350223;15;2
8680001693801;8699546350223;15;2
8680001285846;8699546350223;30;4
8680001174386;8699546350223;30;4
8680001459261;8699546350223;60;8
8680001223336;8699546350223;15;2
8680001410903;8699546350223;10;1
8680001257164;8699546350223;10;1
8680001618934;8699546350223;10;1
8680001221462;8699546350223;15;2
8680001475544;8699546350223;15;2
8680001597949;8699546350223;10;1
8680001515967;8699546350223;30;4
8680001516988;8699546350223;15;2
8680001431168;8699546350223;30;4
8680001208685;8699546350223;30;4
8680001442409;8699546350223;45;6
8680001381289;8699546350223;15;2
8680001236671;8699546350223;100;15
8680001477081;8699546350223;10;1
8680001404032;8699546350223;10;1
8680001397242;8699546350223;2;0
8680001252398;8699546350223;10;1
8680001540303;8699546350223;10;1
8680001215379;8699546350223;10;1
8680001238873;8699546350223;1;0
8680001553730;8699546350223;2;0
8680001282210;8699546350223;2;0
8680001633371;8699546350223;2;0
8680001549849;8699546350223;2;0
8680001533992;8699546350223;10;1
8680001275069;8699546350223;1;0
8680001454235;8699546350223;2;0
8680001468935;8699546350223;2;0
8680001601226;8699546350223;1;0
8680001263127;8699546350223;1;0
8680001294435;8699546350223;2;0
8680001222797;8699546350223;1;0
8680001227211;8699546350223;2;0
8680001488643;8699546350223;2;0
8680001263523;8699546350223;2;0
8680001271771;8699546350223;2;0
8680001232246;8699546350223;5;0
8680001444960;8699546350223;1;0
8680001274819;8699546350223;1;0
8680001261352;8699546350223;10;1
8680001436972;8699546350223;2;0
8680001675913;8699546350223;3;0
8680001214556;8699546350223;2;0
8680001250363;8699546350223;1;0
8680001412129;8699546350223;2;0
8680001505630;8699546350223;45;6
8680001548248;8699546350223;15;2
8680001505630;8699546350223;45;6
8680001604098;8699546350223;45;6
8680001659456;8699546350223;15;2
8680001620999;8699546350223;15;2
8680001523573;8699546350223;15;2
8680001601653;8699546350223;10;1
8680001359899;8699546350223;15;2
8680001540303;8699546350223;10;1
8680001275076;8699546350223;15;2
8680001258277;8699546350223;15;2
8680001569229;8699546350223;15;2
8680001673285;8699546350223;2;0
8680001444960;8699546350223;2;0
8680001235773;8699546350223;30;4
8680001288199;8699546350223;15;2
8680001215447;8699546350223;1;0
8680001214754;8699546350230;120;12
8680001227792;8699546350230;10;1
8680001213917;8699546350230;10;1
8680001503469;8699546350230;40;6
8680001527816;8699546350230;20;2
8680001281992;8699546350230;10;1
8680001281992;8699546350230;10;1
8680001218820;8699546350230;10;1
8680001523627;8699546350230;40;6
8680001523627;8699546350230;40;6
8680001205912;8699546350230;10;1
8680001666690;8699546350230;2;0
8680001497119;8699546350230;40;6
8680001170920;8699546350230;10;1
8680001693801;8699546350230;10;1
8680001166466;8699546350230;2800;280
8680001166466;8699546350230;200;30
8680001174386;8699546350230;40;6
8680001425679;8699546350230;100;15
8680001275052;8699546350230;10;1
8680001526956;8699546350230;40;6
8680001666379;8699546350230;10;1
8680001166466;8699546350230;200;30
8680001459261;8699546350230;40;6
8680001359899;8699546350230;10;1
8680001639090;8699546350230;10;1
8680001410903;8699546350230;10;1
8680001421220;8699546350230;10;1
8680001274901;8699546350230;40;6
8680001618934;8699546350230;10;1
8680001221462;8699546350230;10;1
8680001475544;8699546350230;10;1
8680001537334;8699546350230;40;6
8680001604098;8699546350230;22;2
8680001597949;8699546350230;80;12
8680001274901;8699546350230;40;6
8680001515967;8699546350230;40;6
8680001547166;8699546350230;10;1
8680001431168;8699546350230;10;1
8680001208685;8699546350230;80;12
8680001442409;8699546350230;40;6
8680001285846;8699546350230;200;30
8680001381289;8699546350230;10;1
8680001236671;8699546350230;60;9
8680001233830;8699546350230;200;40
8680001477081;8699546350230;15;2
8680001436736;8699546350230;10;1
8680001404032;8699546350230;10;1
8680001420445;8699546350230;2;0
8680001252671;8699546350230;2;0
8680001404032;8699546350230;2;0
8680001294916;8699546350230;10;1
8680001540303;8699546350230;10;1
8680001223688;8699546350230;2;0
8680001295685;8699546350230;1;0
8680001238873;8699546350230;1;0
8680001451555;8699546350230;2;0
8680001553730;8699546350230;1;0
8680001282210;8699546350230;2;0
8680001201297;8699546350230;2;0
8680001601226;8699546350230;1;0
8680001294435;8699546350230;1;0
8680001295876;8699546350230;2;0
8680001222797;8699546350230;1;0
8680001533992;8699546350230;10;1
8680001263158;8699546350230;1;0
8680001232246;8699546350230;3;0
8680001288670;8699546350230;1;0
8680001623150;8699546350230;10;1
8680001444960;8699546350230;1;0
8680001274819;8699546350230;3;0
8680001282166;8699546350230;1;0
8680001234134;8699546350230;2;0
8680001629503;8699546350230;10;1
8680001234134;8699546350230;1;0
8680001238958;8699546350230;1;0
8680001689118;8699546350230;5;0
8680001251766;8699546350230;2;0
8680001505630;8699546350230;40;6
8680001235582;8699546350230;5;0
8680001604098;8699546350230;22;2
8680001601653;8699546350230;10;1
8680001213917;8699546350230;10;1
8680001619313;8699546350230;10;1
8680001263127;8699546350230;1;0
8680001673285;8699546350230;1;0
8680001231034;8699546020447;12;1
8680001262144;8699546020447;2;0
8680001238873;8699546020447;12;1
8680001566815;8699546020447;12;1
8680001186594;8699546020447;12;1
8680001227976;8699546020447;2;0
8680001451555;8699546020447;12;1
8680001214747;8699546020447;2;0
8680001286119;8699546020447;2;0
8680001668649;8699546020447;2;0
8680001496471;8699546020447;24;2
8680001640720;8699546020447;12;1
8680001633371;8699546020447;12;1
8680001633371;8699546020447;12;1
8680001231010;8699546020447;12;1
8680001203185;8699546020447;1;0
8680001599813;8699546020447;3;0
8680001291298;8699546020447;12;1
8680001572106;8699546020447;12;1
8680001347773;8699546020447;12;1
8680001429516;8699546020447;12;1
8680001288670;8699546020447;12;1
8680001522453;8699546020447;12;1
8680001236527;8699546020447;24;2
8680001217717;8699546020447;12;1
8680001689811;8699546020447;12;1
8680001599783;8699546020447;24;2
8680001544370;8699546020447;5;0
8680001599783;8699546020447;12;1
8680001549849;8699546020447;12;1
8680001687305;8699546020447;2;0
8680001594443;8699546020447;12;1
8680001290093;8699546020447;4;0
8680001668649;8699546020447;12;1
8680001263127;8699546020447;2;0
8680001428403;8699546020447;12;1
8680001636075;8699546020447;2;0
8680001295876;8699546020447;12;1
8680001628742;8699546020447;12;1
8680001221639;8699546020447;12;1
8680001471140;8699546020447;24;2
8680001460434;8699546020447;2;0
8680001528295;8699546020447;2;0
8680001258666;8699546020447;3;0
8680001238958;8699546020447;1;0
8680001252732;8699546020447;1;0
8680001294756;8699546020447;12;1
8680001251766;8699546020447;12;1
8680001383856;8699546020447;2;0
8680001294787;8699546020447;12;1
8680001636761;8699546020447;12;1
8680001431625;8699546020447;12;1
8680001676378;8699546020447;1;0
8680001676378;8699546020447;1;0
8680001258277;8699546020447;24;2
8680001210473;8699546020447;2;0
8680001215102;8699546020447;10;1
8680001249206;8699546020447;10;0
8680001275212;8699546020447;12;1
8680001226504;8699546020447;12;1
8680001431403;8699546020447;2;0
8680001227976;8699546020447;2;0
8680001622719;8699546020447;12;1
8680001431168;8699546020447;12;1
8680001558438;8699546020447;12;1
8680001261284;8699546020447;12;1
8680001636075;8699546020447;2;0
8680001459131;8699546020447;12;1
8680001278534;8699546020447;12;1
8680001688388;8699546020447;12;1
8680001688388;8699546020447;12;1
8680001223312;8699546020447;12;1
8680001492855;8699546020447;12;1
8680001225316;8699546020447;12;1
8680001466986;8699546020447;12;1
8680001173327;8699546020447;12;1
8680001205912;8699546020447;160;20
8680001230440;8699546020447;240;30
8680001414581;8699546020447;3;0
8680001529858;8699546020447;12;1
8680001214754;8699546020447;160;20
8680001281992;8699546020447;80;10
8680001537334;8699546020447;80;10
8680001180318;8699546020447;2;0
8680001286201;8699546020447;80;10
8680001594443;8699546020447;1;0
8680001523627;8699546020447;240;30
8680001594443;8699546020447;6;0
8680001179442;8699546020447;12;1
8680001696536;8699546020447;12;1
8680001282180;8699546020447;2;0
8680001252398;8699546020447;14;1
8680001431182;8699546020447;80;10
8680001166466;8699546020447;1200;100
8680001238873;8699546020447;1;0
8680001263110;8699546020447;400;50
8680001425679;8699546020447;240;30
8680001222612;8699546020447;80;8
8680001661985;8699546020447;12;1
8680001630295;8699546020447;160;20
8680001693801;8699546020447;12;1
8680001480999;8699546020447;24;2
8680001166466;8699546020447;400;50
8680001505630;8699546020447;160;20
8680001475544;8699546020447;12;1
8680001623150;8699546020447;80;10
8680001393855;8699546020447;160;20
8680001227792;8699546020447;10;1
8680001216475;8699546020447;45;3
8680001252398;8699546020447;12;1
8680001421220;8699546020447;24;2
8680001247417;8699546020447;240;30
8680001604098;8699546020447;80;10
8680001459261;8699546020447;80;10
8680001258277;8699546020447;160;20
8680001601202;8699546020447;12;1
8680001526956;8699546020447;80;10
8680001204748;8699546020447;80;10
8680001547166;8699546020447;80;10
8680001222841;8699546020447;240;30
8680001233830;8699546020447;400;50
8680001404032;8699546020447;80;10
8680001201297;8699546020447;24;2
8680001256358;8699546020447;12;1
8680001179268;8699546020447;12;1
8680001290918;8699546020447;24;2
8680001213917;8699546020447;80;10
8680001381289;8699546020447;80;10
8680001420445;8699546020447;36;3
8680001497669;8699546020447;12;1
8680001223336;8699546020447;80;10
8680001471140;8699546020447;36;3
8680001221462;8699546020447;80;10
8680001282159;8699546020447;24;2
8680001285983;8699546020447;12;1
8680001412129;8699546020447;2;0
8680001286119;8699546020447;1;0
8680001528295;8699546020447;1;0
8680001223688;8699546020447;12;1
8680001214747;8699546020447;2;0
8680001209767;8699546020447;5;0
8680001247189;8699546020447;12;1
8680001180318;8699546020447;1;0
8680001404032;8699546020447;12;1
8680001429516;8699546020447;6;0
8680001252671;8699546020447;3;0
8680001431168;8699546020447;4;0
8680001431168;8699546020447;240;30
8680001210558;8699546020447;24;2
8680001477081;8699546020447;80;10
8680001558438;8699546020447;80;10
8680001620388;8699546020447;80;10
8680001558438;8699546020447;80;10
8680001548248;8699546020447;80;10
8680001215379;8699546020447;80;10
8680001694051;8699546020447;80;10
8680001257164;8699546020447;24;2
8680001236671;8699546020447;400;50
8680001219896;8699546020447;80;10
8680001458660;8699546020447;24;2
8680001263523;8699546020447;80;10
8680001296583;8699546020447;240;30
8680001442409;8699546020447;100;12
8680001170920;8699546020447;80;10
8680001289936;8699546020447;80;10
8680001550012;8699546020447;80;10
8680001620999;8699546020447;240;30
8680001619313;8699546020447;80;10
8680001569229;8699546020447;48;4
8680001274901;8699546020447;160;20
8680001601202;8699546020447;12;1
8680001222681;8699546020447;240;30
8680001252732;8699546020447;80;10
8680001569229;8699546020447;48;4
8680001285846;8699546020447;400;50
8680001213917;8699546020447;80;10
8680001696536;8699546020447;80;10
8680001275076;8699546020447;80;10
8680001601653;8699546020447;160;20
8680001436736;8699546020508;1;0
8680001288212;8699546020454;36;3
8680001274819;8699546020454;12;1
8680001227976;8699546020454;1;0
8680001282180;8699546020454;2;0
8680001682546;8699546020454;12;1
8680001679294;8699546020454;2;0
8680001282302;8699546020454;5;0
8680001572106;8699546020454;12;1
8680001347773;8699546020454;12;1
8680001275106;8699546020454;12;1
8680001225989;8699546020454;12;1
8680001423507;8699546020454;48;4
8680001572106;8699546020454;12;1
8680001217717;8699546020454;2;0
8680001231034;8699546020454;12;1
8680001599783;8699546020454;36;3
8680001599783;8699546020454;12;1
8680001431601;8699546020454;2;0
8680001549849;8699546020454;5;0
8680001287307;8699546020454;10;0
8680001290093;8699546020454;3;0
8680001668649;8699546020454;12;1
8680001465361;8699546020454;120;10
8680001223312;8699546020454;12;1
8680001636075;8699546020454;2;0
8680001628742;8699546020454;12;1
8680001471140;8699546020454;12;1
8680001603282;8699546020454;5;0
8680001282180;8699546020454;2;0
8680001214280;8699546020454;12;1
8680001636761;8699546020454;1;0
8680001246113;8699546020454;1;0
8680001249206;8699546020454;4;0
8680001179442;8699546020454;2;0
8680001225866;8699546020454;3;0
8680001565764;8699546020454;1;0
8680001565764;8699546020454;5;0
8680001285150;8699546020454;35;2
8680001537334;8699546020454;240;30
8680001214754;8699546020454;160;20
8680001288199;8699546020454;240;30
8680001527816;8699546020454;40;30
8680001527816;8699546020454;200;0
8680001282210;8699546020454;24;2
8680001227006;8699546020454;3;0
8680001275250;8699546020454;5;0
8680001282159;8699546020454;48;4
8680001425679;8699546020454;240;30
8680001230440;8699546020454;160;20
8680001166466;8699546020454;240;30
8680001630295;8699546020454;240;30
8680001166466;8699546020454;240;30
8680001693801;8699546020454;12;1
8680001292974;8699546020454;80;10
8680001257164;8699546020454;12;1
8680001233830;8699546020454;240;30
8680001604098;8699546020454;160;20
8680001505630;8699546020454;240;30
8680001597949;8699546020454;160;20
8680001515967;8699546020454;240;30
8680001227792;8699546020454;80;10
8680001393855;8699546020454;80;10
8680001281992;8699546020454;80;10
8680001458554;8699546020454;160;20
8680001547166;8699546020454;12;1
8680001421220;8699546020454;12;1
8680001428403;8699546020454;240;30
8680001296583;8699546020454;240;30
8680001217717;8699546020454;2;0
8680001436736;8699546020454;1;0
8680001283484;8699546020454;2;0
8680001204748;8699546020454;80;10
8680001261734;8699546020454;80;10
8680001170920;8699546020454;80;10
8680001550012;8699546020454;24;2
8680001282128;8699546020454;12;1
8680001258277;8699546020454;24;2
8680001286188;8699546020454;80;10
8680001526956;8699546020454;80;10
8680001223336;8699546020454;12;1
8680001204731;8699546020454;15;1
8680001618934;8699546020454;36;3
8680001661466;8699546020454;80;10
8680001381289;8699546020454;80;10
8680001236671;8699546020454;240;30
8680001166466;8699546020454;1360;113
8680001285846;8699546020454;240;30
8680001456048;8699546020454;12;1
8680001285976;8699546020454;1;0
8680001256358;8699546020454;12;1
8680001527816;8699546020454;240;30
8680001679331;8699546020454;12;1
8680001597192;8699546020461;12;1
8680001258277;8699546020461;12;1
8680001523139;8699546020461;3;0
8680001568888;8699546020461;1;0
8680001256211;8699546020461;1;0
8680001228997;8699546020461;3;0
8680001230440;8699546020461;36;5
8680001523627;8699546020461;36;5
8680001696536;8699546020461;12;1
8680001527816;8699546020461;36;5
8680001475544;8699546020461;12;1
8680001227792;8699546020461;1;0
8680001505630;8699546020461;36;5
8680001568918;8699546020461;2;0
8680001290826;8699546020461;6;0
8680001227792;8699546020461;1;0
8680001288489;8699546020461;1;0
8680001663453;8699546020461;12;1
8680001663453;8699546020461;12;1
8680001238873;8699546020461;10;1
8680001223107;8699546020461;2;0
8680001213672;8699546020461;5;0
8680001166466;8699546020461;108;15
8680001286188;8699546020461;36;5
8680001425679;8699546020461;180;25
8680001258277;8699546020461;36;5
8680001296552;8699546020461;12;1
8680001222841;8699546020461;36;5
8680001221462;8699546020461;36;5
8680001296583;8699546020461;36;5
8680001459261;8699546020461;36;5
8680001547166;8699546020461;12;1
8680001246052;8699546020461;1;0
8680001222841;8699546020461;216;30
8680001410903;8699546020461;36;5
8680001466603;8699546020461;12;1
8680001274901;8699546020461;36;5
8680001544240;8699546020461;36;5
8680001263110;8699546020461;180;25
8680001537334;8699546020461;36;5
8680001222681;8699546020461;216;30
8680001515967;8699546020461;72;10
8680001431168;8699546020461;36;5
8680001404032;8699546020461;12;1
8680001569229;8699546020461;12;1
8680001420674;8699546020461;36;5
8680001289936;8699546020461;36;5
8680001442409;8699546020461;72;10
8680001381289;8699546020461;72;10
8680001236671;8699546020461;36;5
8680001233830;8699546020461;180;25
8680001285846;8699546020461;180;25
8680001558438;8699546020461;2;0
8680001404032;8699546020461;12;1
8680001558438;8699546020461;2;0
8680001601653;8699546020461;36;5
8680001620388;8699546020461;24;2
8680001679331;8699546020461;12;1
8680001210558;8699546020461;36;5
8680001215379;8699546020461;36;5
8680001569229;8699546020461;12;1
8680001619313;8699546020461;12;1
8680001537334;8699546020461;35;6
8680001404032;8699546020461;12;1
8680001295654;8699546080045;12;1
8680001286669;8699546080045;3;0
8680001286119;8699546080045;3;0
8680001238958;8699546080045;3;0
8680001294787;8699546080045;2;0
8680001231010;8699546080045;2;0
8680001295876;8699546080045;2;0
8680001291861;8699546080045;5;0
8680001282210;8699546080045;2;0
8680001496471;8699546080045;12;1
8680001522118;8699546080045;3;0
8680001296583;8699546080045;12;1
8680001214341;8699546080045;1;0
8680001243310;8699546080045;3;0
8680001549849;8699546080045;1;0
8680001227211;8699546080045;2;0
8680001466986;8699546080045;2;0
8680001639090;8699546080045;12;1
8680001566815;8699546080045;12;1
8680001252275;8699546080045;1;0
8680001282180;8699546080045;1;0
8680001177530;8699546080045;1;0
8680001431182;8699546080045;12;1
8680001420322;8699546080045;1;0
8680001221790;8699546080045;2;0
8680001412129;8699546080045;2;0
8680001209064;8699546080045;1;0
8680001256211;8699546080045;3;0
8680001165834;8699546080045;12;1
8680001205912;8699546080045;60;8
8680001226429;8699546080045;12;1
8680001214754;8699546080045;120;16
8680001530281;8699546080045;12;1
8680001537334;8699546080045;60;8
8680001252855;8699546080045;1;0
8680001523627;8699546080045;60;8
8680001217717;8699546080045;1;0
8680001296996;8699546080045;3;0
8680001227792;8699546080045;60;8
8680001527816;8699546080045;12;1
8680001693801;8699546080045;12;1
8680001466986;8699546080045;3;0
8680001191109;8699546080045;12;1
8680001297009;8699546080045;2;0
8680001666379;8699546080045;12;1
8680001566815;8699546080045;12;1
8680001488643;8699546080045;1;0
8680001414581;8699546080045;1;0
8680001471140;8699546080045;12;1
8680001471140;8699546080045;12;1
8680001226641;8699546080045;1;0
8680001218820;8699546080045;12;1
8680001252237;8699546080045;1;0
8680001295869;8699546080045;12;1
8680001286119;8699546080045;2;0
8680001222612;8699546080045;12;1
8680001630295;8699546080045;120;16
8680001292974;8699546080045;36;5
8680001174386;8699546080045;60;8
8680001166466;8699546080045;120;16
8680001166466;8699546080045;180;15
8680001233830;8699546080045;120;16
8680001597949;8699546080045;12;1
8680001258277;8699546080045;60;8
8680001204731;8699546080045;12;1
8680001204748;8699546080045;60;8
8680001550012;8699546080045;40;8
8680001221462;8699546080045;12;1
8680001294787;8699546080045;2;0
8680001213719;8699546080045;3;0
8680001281992;8699546080045;1;0
8680001290826;8699546080045;1;0
8680001524822;8699546080045;4;0
8680001414581;8699546094134;1;0
8680001282210;8699546094134;2;0
8680001286119;8699546094134;2;0
8680001629763;8699546094134;10;1
8680001162208;8699546094134;1;0
8680001378074;8699546094134;1;0
8680001256211;8699546094134;10;1
8680001666690;8699546094134;1;0
8680001233649;8699546094134;2;0
8680001296583;8699546094134;2;0
8680001636051;8699546094134;1;0
8680001250363;8699546094134;1;0
8680001458820;8699546094134;2;0
8680001234134;8699546094134;2;0
8680001236527;8699546094134;10;1
8680001173327;8699546094134;3;0
8680001247950;8699546094134;4;0
8680001247950;8699546094134;4;0
8680001258703;8699546094134;50;5
8680001204731;8699546094134;10;1
8680001227976;8699546094134;2;0
8680001428403;8699546094134;10;1
8680001471980;8699546094134;1;0
8680001297030;8699546094134;3;0
8680001177530;8699546094134;2;0
8680001275168;8699546094134;1;0
8680001599813;8699546094134;2;0
8680001275168;8699546094134;1;0
8680001417339;8699546094134;2;0
8680001294718;8699546094134;10;1
8680001286171;8699546094134;1;0
8680001214549;8699546094134;1;0
8680001278459;8699546094134;1;0
8680001282128;8699546094134;2;0
8680001283484;8699546094134;1;0
8680001597161;8699546094134;1;0
8680001164325;8699546094134;2;0
8680001628742;8699546094134;10;1
8680001214747;8699546094134;1;0
8680001230440;8699546094134;10;1
8680001628742;8699546094134;10;1
8680001529858;8699546094134;1;0
8680001431403;8699546094134;2;0
8680001205912;8699546094134;30;3
8680001295869;8699546094134;1;0
8680001185962;8699546094134;5;0
8680001636730;8699546094134;2;0
8680001214754;8699546094134;120;24
8680001265626;8699546094134;1;0
8680001209392;8699546094134;5;0
8680001523627;8699546094134;120;24
8680001537334;8699546094134;60;12
8680001541614;8699546094134;3;0
8680001619313;8699546094134;1;0
8680001653171;8699546094134;3;0
8680001515325;8699546094134;10;1
8680001359950;8699546094134;3;0
8680001594443;8699546094134;10;1
8680001120987;8699546094134;10;1
8680001676125;8699546094134;5;0
8680001401864;8699546094134;1;0
8680001283507;8699546094134;2;0
8680001359950;8699546094134;4;0
8680001256358;8699546094134;10;1
8680001685455;8699546094134;2;0
8680001166466;8699546094134;120;24
8680001256358;8699546094134;10;1
8680001527816;8699546094134;10;1
8680001223008;8699546094134;10;1
8680001290116;8699546094134;10;1
8680001369324;8699546094134;10;1
8680001488643;8699546094134;3;0
8680001488643;8699546094134;3;0
8680001420674;8699546094134;50;5
8680001227792;8699546094134;20;2
8680001693801;8699546094134;5;0
8680001295654;8699546094134;2;0
8680001227792;8699546094134;20;2
8680001619313;8699546094134;10;1
8680001263110;8699546094134;60;10
8680001296583;8699546094134;10;1
8680001222841;8699546094134;10;1
8680001666379;8699546094134;10;1
8680001258666;8699546094134;1;0
8680001542642;8699546094134;1;0
8680001218820;8699546094134;10;1
8680001282159;8699546094134;10;1
8680001393855;8699546094134;20;2
8680001274642;8699546094134;1;0
8680001548262;8699546094134;1;0
8680001485611;8699546094134;20;2
8680001223336;8699546094134;10;1
8680001453269;8699546094134;1;0
8680001263189;8699546094134;2;0
8680001236756;8699546094134;30;3
8680001527823;8699546094134;20;2
8680001661985;8699546094134;10;1
8680001597949;8699546094134;30;3
8680001163397;8699546094134;10;1
8680001238958;8699546094134;1;0
8680001471140;8699546094134;20;2
8680001673285;8699546094134;1;0
8680001275069;8699546094134;2;0
8680001190379;8699546094134;4;0
8680001573257;8699546094134;1;0
8680001223855;8699546094134;1;0
8680001295685;8699546094134;1;0
8680001222308;8699546094134;1;0
8680001428403;8699546094134;10;1
8680001428403;8699546094134;10;1
8680001623150;8699546094134;10;1
8680001289813;8699546094134;2;0
8680001265725;8699546094134;2;0
8680001673575;8699546094134;10;1
8680001215089;8699546094134;10;1
8680001242672;8699546094134;1;0
8680001383856;8699546094134;1;0
8680001274642;8699546094134;1;0
8680001637300;8699546094134;20;2
8680001603732;8699546094134;10;1
8680001633371;8699546094134;2;0
8680001659456;8699546094134;1;0
8680001215195;8699546094134;1;0
8680001189113;8699546094134;10;1
8680001628032;8699546094134;10;1
8680001168392;8699546094134;10;1
8680001570454;8699546094134;2;0
8680001512379;8699546094134;8;0
8680001515967;8699546094134;20;2
8680001286157;8699546094134;10;1
8680001458486;8699546094134;10;1
8680001464852;8699546094134;2;0
8680001295890;8699546094134;1;0
8680001601226;8699546094134;1;0
8680001401864;8699546094134;2;0
8680001258666;8699546094134;1;0
8680001248841;8699546094134;1;0
8680001197750;8699546094134;3;0
8680001170920;8699546094134;10;1
8680001618934;8699546094134;120;24
8680001492855;8699546094134;10;1
8680001292974;8699546094134;10;1
8680001282128;8699546094134;10;1
8680001404032;8699546094134;10;1
8680001212248;8699546094134;2;0
8680001378074;8699546094134;1;0
8680001481170;8699546094134;3;0
8680001628704;8699546094134;1;0
8680001283507;8699546094134;1;0
8680001161935;8699546094134;1;0
8680001295654;8699546020393;1;0
8680001214747;8699546020393;1;0
8680001256211;8699546020393;7;1
8680001491667;8699546020393;2;0
8680001286171;8699546020393;1;0
8680001295876;8699546020393;4;0
8680001162208;8699546020393;2;0
8680001689811;8699546020393;7;1
8680001221554;8699546020393;2;0
8680001628742;8699546020393;7;1
8680001472031;8699546020393;1;0
8680001214747;8699546020393;1;0
8680001294756;8699546020393;2;0
8680001688388;8699546020393;7;1
8680001688388;8699546020393;7;1
8680001230440;8699546020393;7;1
8680001292875;8699546020393;2;0
8680001295654;8699546020393;1;0
8680001693801;8699546020393;7;1
8680001290116;8699546020393;7;1
8680001275069;8699546020393;2;0
8680001218820;8699546020393;7;1
8680001393855;8699546020393;7;1
8680001187874;8699546020393;3;0
8680001242351;8699546020393;1;0
8680001359899;8699546020393;2;0
8680001229147;8699546020393;3;0
8680001214754;8699546020393;60;12
8680001233830;8699546020393;180;36
8680001547166;8699546020393;7;1
8680001632862;8699546020393;1;0
8680001290161;8699546020393;1;0
8680001283484;8699546020393;3;0
8680001238217;8699546020393;4;0
8680001174744;8699546020393;1;0
8680001247189;8699546020393;2;0
8680001285846;8699546020393;180;36
8680001286188;8699546020393;7;1
8680001526956;8699546020393;7;1
8680001569182;8699546020393;7;1
8680001431168;8699546020393;60;12
8680001296552;8699546020393;7;1
8680001442409;8699546020393;60;12
8680001236671;8699546020393;180;36
8680001540303;8699546020393;7;1
8680001180318;8699546020393;2;0
8680001378074;8699546020393;1;0
8680001285914;8699546020393;4;0
8680001215379;8699546020393;2;0
8680001569229;8699546020393;7;1
8680001282128;8699546020393;7;1
8680001540303;8699546020393;7;1
8680001275076;8699546020393;7;1
8680001569229;8699546020393;7;1
8680001632862;8699546020393;1;0
8680001427697;8699546020393;7;1
8680001404032;8699546020393;7;1
8680001457823;8699546020386;2;0
8680001496471;8699546020386;1;0
8680001283484;8699546020386;1;0
8680001516407;8699546020386;1;0
8680001689811;8699546020386;7;1
8680001460434;8699546020386;1;0
8680001494934;8699546020386;7;1
8680001120987;8699546020386;1;0
8680001428403;8699546020386;14;2
8680001138623;8699546020386;2;0
8680001598342;8699546020386;1;0
8680001261284;8699546020386;1;0
8680001498550;8699546020386;1;0
8680001627646;8699546020386;7;1
8680001294756;8699546020386;7;1
8680001238958;8699546020386;1;0
8680001688388;8699546020386;7;1
8680001230440;8699546020386;7;1
8680001229260;8699546020386;2;0
8680001537334;8699546020386;7;1
8680001653171;8699546020386;3;0
8680001676125;8699546020386;2;0
8680001295654;8699546020386;1;0
8680001227792;8699546020386;7;1
8680001166466;8699546020386;180;36
8680001541614;8699546020386;2;0
8680001527816;8699546020386;7;1
8680001676378;8699546020386;1;0
8680001693801;8699546020386;7;1
8680001229147;8699546020386;2;0
8680001274901;8699546020386;1;0
8680001274642;8699546020386;2;0
8680001286119;8699546020386;1;0
8680001412716;8699546020386;1;0
8680001275892;8699546020386;1;0
8680001285846;8699546020386;180;36
8680001166466;8699546020386;120;24
8680001222841;8699546020386;7;1
8680001526956;8699546020386;7;1
8680001597949;8699546020386;14;2
8680001492855;8699546020386;7;1
8680001690343;8699546020386;2;0
8680001565764;8699546090396;2;0
8680001263127;8699546090396;1;0
8680001209767;8699546090396;5;0
8680001282210;8699546090396;3;0
8680001286119;8699546090396;2;0
8680001204045;8699546090396;2;0
8680001238958;8699546090396;1;0
8680001242351;8699546090396;1;0
8680001274642;8699546090396;2;0
8680001256211;8699546090396;10;1
8680001480692;8699546090396;3;0
8680001458820;8699546090396;2;0
8680001291014;8699546090396;10;1
8680001496310;8699546090396;1;0
8680001222308;8699546090396;1;0
8680001689811;8699546090396;10;1
8680001261284;8699546090396;2;0
8680001636051;8699546090396;1;0
8680001636075;8699546090396;1;0
8680001296705;8699546090396;1;0
8680001227976;8699546090396;2;0
8680001460434;8699546090396;1;0
8680001213672;8699546090396;10;1
8680001174843;8699546090396;1;0
8680001636730;8699546090396;1;0
8680001238606;8699546090396;1;0
8680001417339;8699546090396;2;0
8680001245598;8699546090396;10;1
8680001633371;8699546090396;2;0
8680001454235;8699546090396;2;0
8680001636761;8699546090396;10;1
8680001676378;8699546090396;1;0
8680001676378;8699546090396;1;0
8680001523139;8699546090396;10;1
8680001665020;8699546090396;2;0
8680001619825;8699546090396;1;0
8680001247417;8699546090396;3;0
8680001214747;8699546090396;1;0
8680001492855;8699546090396;5;0
8680001423507;8699546090396;5;0
8680001213917;8699546090396;20;2
8680001636075;8699546090396;1;0
8680001165834;8699546090396;10;1
8680001688388;8699546090396;10;1
8680001214747;8699546090396;1;0
8680001230440;8699546090396;10;1
8680001317592;8699546090396;10;1
8680001205912;8699546090396;30;3
8680001185962;8699546090396;10;1
8680001636730;8699546090396;10;1
8680001696536;8699546090396;3;0
8680001265626;8699546090396;1;0
8680001456048;8699546090396;1;0
8680001209392;8699546090396;5;0
8680001214754;8699546090396;120;24
8680001541614;8699546090396;3;0
8680001120987;8699546090396;10;1
8680001436736;8699546090396;1;0
8680001676125;8699546090396;10;1
8680001250363;8699546090396;1;0
8680001256358;8699546090396;10;1
8680001166466;8699546090396;120;24
8680001256358;8699546090396;10;1
8680001294435;8699546090396;2;0
8680001527816;8699546090396;10;1
8680001222797;8699546090396;1;0
8680001290116;8699546090396;10;1
8680001290826;8699546090396;1;0
8680001227792;8699546090396;10;1
8680001653171;8699546090396;3;0
8680001296583;8699546090396;14;2
8680001263110;8699546090396;120;24
8680001238873;8699546090396;2;0
8680001258666;8699546090396;2;0
8680001257041;8699546090396;3;0
8680001466986;8699546090396;2;0
8680001488452;8699546090396;1;0
8680001236756;8699546090396;1;0
8680001459261;8699546090396;10;1
8680001661985;8699546090396;10;1
8680001282159;8699546090396;10;1
8680001693801;8699546090396;10;1
8680001689866;8699546090396;2;0
8680001359899;8699546090396;10;1
8680001420674;8699546090396;50;5
8680001533992;8699546090396;20;2
8680001199679;8699546090396;10;1
8680001393855;8699546090396;10;1
8680001203185;8699546090396;2;0
8680001617883;8699546090396;10;1
8680001250363;8699546090396;1;0
8680001424740;8699546090396;10;1
8680001442409;8699546090396;120;24
8680001436972;8699546090396;1;0
8680001623150;8699546090396;10;1
8680001289936;8699546090396;1;0
8680001666690;8699546090396;1;0
8680001274642;8699546090396;3;0
8680001386130;8699546090396;1;0
8680001246113;8699546090396;1;0
8680001250363;8699546090396;1;0
8680001265626;8699546090396;1;0
8680001512331;8699546090396;1;0
8680001263127;8699546090396;1;0
8680001436736;8699546090396;1;0
8680001291861;8699546090396;10;1
8680001202065;8699546090396;120;24
8680001503469;8699546090396;10;1
8680001428403;8699546090396;10;1
8680001292974;8699546090396;20;2
8680001216475;8699546090396;10;1
8680001170920;8699546090396;10;1
8680001174386;8699546090396;120;24
8680001526956;8699546090396;60;6
8680001492855;8699546090396;10;1
8680001222841;8699546090396;10;1
8680001635511;8699546090396;10;1
8680001204731;8699546090396;10;1
8680001274901;8699546090396;20;2
8680001221462;8699546090396;20;2
8680001544240;8699546090396;120;24
8680001597949;8699546090396;40;4
8680001547166;8699546090396;20;2
8680001458554;8699546090396;120;24
8680001632862;8699546090396;10;1
8680001285846;8699546090396;360;72
8680001285846;8699546090396;1140;114
8680001233830;8699546090396;360;72
8680001420674;8699546090396;180;36
8680001236671;8699546090396;240;48
8680001569229;8699546090396;10;1
8680001540303;8699546090396;10;1
8680001283507;8699546090396;1;0
8680001180318;8699546090396;2;0
8680001404032;8699546090396;10;1
8680001290192;8699546090396;3;0
8680001435166;8699546090396;1;0
8680001258666;8699546090396;2;0
8680001296996;8699546090396;10;1
8680001601653;8699546090396;10;1
8680001234516;8699546090396;120;24
8680001620388;8699546090396;20;2
8680001252732;8699546090396;120;24
8680001659456;8699546090396;10;1
8680001540303;8699546090396;10;1
8680001252732;8699546090396;120;24
8680001569229;8699546090396;10;1
8680001275076;8699546090396;80;8
8680001250363;8699546090396;1;0
8680001189113;8699546090396;10;1
8680001632862;8699546090396;10;1
8680001216475;8699546090396;10;1
8680001275021;8699546090396;2;0
8680001208685;8699546090396;20;2
8680001225989;8699546090396;20;2
8680001268368;8699546090396;10;1
8680001261352;8699546090396;20;2
8680001261284;8699546080069;5;1
8680001660469;8699546080069;2;0
8680001599783;8699546080069;5;1
8680001661985;8699546080069;1;0
8680001229260;8699546080069;1;0
8680001274642;8699546080069;6;1
8680001165834;8699546080069;5;1
8680001230440;8699546080069;20;5
8680001214754;8699546080069;20;5
8680001265626;8699546080069;1;0
8680001676125;8699546080069;5;1
8680001295654;8699546080069;5;1
8680001454235;8699546080069;1;0
8680001369324;8699546080069;3;0
8680001285600;8699546080069;1;0